{
    "muscleCars": [{
        "year": "1967",
        "make": "Pontiac",
        "model": "GTO"
    }, {
        "year": "1967",
        "make": "Pontiac",
        "model": "Firebird"
    }, {
        "year": "1967",
        "make": "Chevrolet",
        "model": "Malibu SS 396"
    }, {
        "year": "1967",
        "make": "Chevrolet",
        "model": "Camaro SS"
    }, {
        "year": "1967",
        "make": "Chevrolet",
        "model": "Camaro Z/28"
    }, {
        "year": "1967",
        "make": "Chevrolet",
        "model": "RS"
    }, {
        "year": "1967",
        "make": "Chevrolet",
        "model": "Nova SS"
    }, {
        "year": "1967",
        "make": "Oldsmobile",
        "model": "442"
    }, {
        "year": "1967",
        "make": "Buick",
        "model": "Gran Sport"
    }, {
        "year": "1967",
        "make": "Ford",
        "model": "Mustang GT"
    }, {
        "year": "1967",
        "make": "Ford",
        "model": "Mustang GTA"
    }, {
        "year": "1967",
        "make": "Ford",
        "model": "Fairlane GTA"
    }, {
        "year": "1967",
        "make": "Shelby",
        "model": "Cobra"
    }, {
        "year": "1967",
        "make": "Shebly",
        "model": "Mustang GT350"
    }, {
        "year": "1967",
        "make": "Shelby",
        "model": "GT500"
    }, {
        "year": "1967",
        "make": "Mercury",
        "model": "Cougar Special"
    }, {
        "year": "1967",
        "make": "Mercury",
        "model": "Cyclone GT"
    }, {
        "year": "1967",
        "make": "Mercury",
        "model": "427 Comet"
    }, {
        "year": "1967",
        "make": "Plymouth",
        "model": "Barracudda Formula S"
    }, {
        "year": "1967",
        "make": "Plymouth GTX",
        "model": "GTO"
    }, {
        "year": "1967",
        "make": "Dodge",
        "model": "Dart GT"
    }, {
        "year": "1967",
        "make": "Dodge Dart GTS",
        "model": "GTO"
    }, {
        "year": "1967",
        "make": "Dodge",
        "model": "Charger"
    }, {
        "year": "1967",
        "make": "Dodge",
        "model": "Coronet R/T"
    }, {
        "year": "1967",
        "make": "Dodge",
        "model": "Coronet 500 Hemi"
    }]
}